<mxGraphModel>
  <root>
    <mxCell id="0"/>
    <mxCell id="feature" parent="0" visible="0"/>
    <mxCell id="component" parent="0" visible="0"/>
    <mxCell id="binding_feature_component" parent="0" visible="0"/>
    <mxCell id="istar" parent="0" visible="0"/>
    <mxCell id="classdiag" parent="0" visible="0"/>
    <mxCell id="adap_architecture" parent="0" visible="0"/>
    <mxCell id="adaptation_architecture" parent="0" visible="0"/>
    <mxCell id="adaptation_hardware" parent="0" visible="0"/>
    <board type="board" label="ArduinoUNO" boardType="ArduinoUNO" subtype="ArduinoUNO" digitalPins="D2,D4,D7,D8,D12,D13" analogPins="A0,A1,A2,A3,A4,A5" pwmPins="P3,P5,P6,P9,P10,P11" id="1">
      <mxCell style="shape=board" parent="adaptation_hardware" vertex="1">
        <mxGeometry x="370" y="80" width="150" height="182.5" as="geometry"/>
      </mxCell>
    </board>
    <D2 label="D2" type="digital" id="2">
      <mxCell style="shape=ellipse;perimeter=ellipsePerimeter;direction=north;movable=0;resizable=0;" parent="1" vertex="1">
        <mxGeometry x="10" y="10" width="7.5" height="7.5" as="geometry">
          <mxPoint as="offset"/>
        </mxGeometry>
      </mxCell>
    </D2>
    <D4 label="D4" type="digital" id="3">
      <mxCell style="shape=ellipse;perimeter=ellipsePerimeter;direction=north;movable=0;resizable=0;" parent="1" vertex="1">
        <mxGeometry x="10" y="25" width="7.5" height="7.5" as="geometry">
          <mxPoint as="offset"/>
        </mxGeometry>
      </mxCell>
    </D4>
    <D7 label="D7" type="digital" id="4">
      <mxCell style="shape=ellipse;perimeter=ellipsePerimeter;direction=north;movable=0;resizable=0;" parent="1" vertex="1">
        <mxGeometry x="10" y="40" width="7.5" height="7.5" as="geometry">
          <mxPoint as="offset"/>
        </mxGeometry>
      </mxCell>
    </D7>
    <D8 label="D8" type="digital" id="5">
      <mxCell style="shape=ellipse;perimeter=ellipsePerimeter;direction=north;movable=0;resizable=0;" parent="1" vertex="1">
        <mxGeometry x="10" y="55" width="7.5" height="7.5" as="geometry">
          <mxPoint as="offset"/>
        </mxGeometry>
      </mxCell>
    </D8>
    <D12 label="D12" type="digital" id="6">
      <mxCell style="shape=ellipse;perimeter=ellipsePerimeter;direction=north;movable=0;resizable=0;" parent="1" vertex="1">
        <mxGeometry x="10" y="70" width="7.5" height="7.5" as="geometry">
          <mxPoint as="offset"/>
        </mxGeometry>
      </mxCell>
    </D12>
    <D13 label="D13" type="digital" id="7">
      <mxCell style="shape=ellipse;perimeter=ellipsePerimeter;direction=north;movable=0;resizable=0;" parent="1" vertex="1">
        <mxGeometry x="10" y="85" width="7.5" height="7.5" as="geometry">
          <mxPoint as="offset"/>
        </mxGeometry>
      </mxCell>
    </D13>
    <A0 label="A0" type="analog" id="8">
      <mxCell style="shape=ellipse;perimeter=ellipsePerimeter;direction=north;movable=0;resizable=0;" parent="1" vertex="1">
        <mxGeometry x="130" y="10" width="7.5" height="7.5" as="geometry">
          <mxPoint as="offset"/>
        </mxGeometry>
      </mxCell>
    </A0>
    <A1 label="A1" type="analog" id="9">
      <mxCell style="shape=ellipse;perimeter=ellipsePerimeter;direction=north;movable=0;resizable=0;" parent="1" vertex="1">
        <mxGeometry x="130" y="25" width="7.5" height="7.5" as="geometry">
          <mxPoint as="offset"/>
        </mxGeometry>
      </mxCell>
    </A1>
    <A2 label="A2" type="analog" id="10">
      <mxCell style="shape=ellipse;perimeter=ellipsePerimeter;direction=north;movable=0;resizable=0;" parent="1" vertex="1">
        <mxGeometry x="130" y="40" width="7.5" height="7.5" as="geometry">
          <mxPoint as="offset"/>
        </mxGeometry>
      </mxCell>
    </A2>
    <A3 label="A3" type="analog" id="11">
      <mxCell style="shape=ellipse;perimeter=ellipsePerimeter;direction=north;movable=0;resizable=0;" parent="1" vertex="1">
        <mxGeometry x="130" y="55" width="7.5" height="7.5" as="geometry">
          <mxPoint as="offset"/>
        </mxGeometry>
      </mxCell>
    </A3>
    <A4 label="A4" type="analog" id="12">
      <mxCell style="shape=ellipse;perimeter=ellipsePerimeter;direction=north;movable=0;resizable=0;" parent="1" vertex="1">
        <mxGeometry x="130" y="70" width="7.5" height="7.5" as="geometry">
          <mxPoint as="offset"/>
        </mxGeometry>
      </mxCell>
    </A4>
    <A5 label="A5" type="analog" id="13">
      <mxCell style="shape=ellipse;perimeter=ellipsePerimeter;direction=north;movable=0;resizable=0;" parent="1" vertex="1">
        <mxGeometry x="130" y="85" width="7.5" height="7.5" as="geometry">
          <mxPoint as="offset"/>
        </mxGeometry>
      </mxCell>
    </A5>
    <P3 label="P3" type="pwm" id="14">
      <mxCell style="shape=ellipse;perimeter=ellipsePerimeter;direction=north;movable=0;resizable=0;" parent="1" vertex="1">
        <mxGeometry x="10" y="100" width="7.5" height="7.5" as="geometry">
          <mxPoint as="offset"/>
        </mxGeometry>
      </mxCell>
    </P3>
    <P5 label="P5" type="pwm" id="15">
      <mxCell style="shape=ellipse;perimeter=ellipsePerimeter;direction=north;movable=0;resizable=0;" parent="1" vertex="1">
        <mxGeometry x="10" y="115" width="7.5" height="7.5" as="geometry">
          <mxPoint as="offset"/>
        </mxGeometry>
      </mxCell>
    </P5>
    <P6 label="P6" type="pwm" id="16">
      <mxCell style="shape=ellipse;perimeter=ellipsePerimeter;direction=north;movable=0;resizable=0;" parent="1" vertex="1">
        <mxGeometry x="10" y="130" width="7.5" height="7.5" as="geometry">
          <mxPoint as="offset"/>
        </mxGeometry>
      </mxCell>
    </P6>
    <P9 label="P9" type="pwm" id="17">
      <mxCell style="shape=ellipse;perimeter=ellipsePerimeter;direction=north;movable=0;resizable=0;" parent="1" vertex="1">
        <mxGeometry x="10" y="145" width="7.5" height="7.5" as="geometry">
          <mxPoint as="offset"/>
        </mxGeometry>
      </mxCell>
    </P9>
    <P10 label="P10" type="pwm" id="18">
      <mxCell style="shape=ellipse;perimeter=ellipsePerimeter;direction=north;movable=0;resizable=0;" parent="1" vertex="1">
        <mxGeometry x="10" y="160" width="7.5" height="7.5" as="geometry">
          <mxPoint as="offset"/>
        </mxGeometry>
      </mxCell>
    </P10>
    <P11 label="P11" type="pwm" id="19">
      <mxCell style="shape=ellipse;perimeter=ellipsePerimeter;direction=north;movable=0;resizable=0;" parent="1" vertex="1">
        <mxGeometry x="10" y="175" width="7.5" height="7.5" as="geometry">
          <mxPoint as="offset"/>
        </mxGeometry>
      </mxCell>
    </P11>
    <device type="device" label="led" required="true" subtype="powerLed" digitalPins="" analogPins="" pwmPins="P0" promptName="true" id="20">
      <mxCell style="shape=device" parent="adaptation_hardware" vertex="1">
        <mxGeometry x="250" y="80" width="100" height="35" as="geometry"/>
      </mxCell>
    </device>
    <P0 label="D0" type="digital" id="21">
      <mxCell style="shape=ellipse;perimeter=ellipsePerimeter;direction=north;movable=0;resizable=0;" parent="20" vertex="1">
        <mxGeometry x="45" y="24" width="7.5" height="7.5" as="geometry">
          <mxPoint as="offset"/>
        </mxGeometry>
      </mxCell>
    </P0>
    <rel_pwm_pwm type="relation" id="22">
      <mxCell style="strokeColor=#333333;strokeWidth=2;dashed=1;endFill=0;" parent="adaptation_hardware" source="21" target="14" edge="1">
        <mxGeometry relative="1" as="geometry"/>
      </mxCell>
    </rel_pwm_pwm>
    <mxCell id="adaptation_behavior_hardware" parent="0"/>
    <device type="device" label="led" required="true" subtype="powerLed" digitalPins="" analogPins="" pwmPins="P0" promptName="true" id="clon20">
      <mxCell style="shape=device;fillColor=#DCDCDC;" parent="adaptation_behavior_hardware" vertex="1">
        <mxGeometry x="15" y="15" width="100" height="35" as="geometry"/>
      </mxCell>
    </device>
    <P0 label="P0" type="pwm" id="clon21">
      <mxCell style="shape=ellipse;perimeter=ellipsePerimeter;direction=north;movable=0;resizable=0;" parent="clon20" vertex="1">
        <mxGeometry x="45" y="24" width="7.5" height="7.5" as="geometry">
          <mxPoint as="offset"/>
        </mxGeometry>
      </mxCell>
    </P0>
    <writeAction type="writeAction" label="led_turnOn" required="true" subtype="turnOn" device="powerLed" parameters="[object Object]" id="26">
      <mxCell style="shape=writeAction" parent="adaptation_behavior_hardware" vertex="1">
        <mxGeometry x="15" y="115" width="100" height="35" as="geometry"/>
      </mxCell>
    </writeAction>
    <power label="power" type="actionArgument" dataType="float" id="27">
      <mxCell style="shape=triangle;perimeter=trianglePerimeter;direction=north;movable=0;resizable=0;" parent="26" vertex="1">
        <mxGeometry x="10" y="22" width="10" height="10" as="geometry">
          <mxPoint as="offset"/>
        </mxGeometry>
      </mxCell>
    </power>
    <rel_device_writeAction type="relation" id="28">
      <mxCell style="strokeColor=#333333;strokeWidth=2;" parent="adaptation_behavior_hardware" source="clon20" target="26" edge="1">
        <mxGeometry relative="1" as="geometry"/>
      </mxCell>
    </rel_device_writeAction>
    <variable type="variable" label="var_power" dataType="double" value="1023" promptName="true" id="31">
      <mxCell style="shape=analogVariable" parent="adaptation_behavior_hardware" vertex="1">
        <mxGeometry x="10" y="190" width="100" height="35" as="geometry"/>
      </mxCell>
    </variable>
    <rel_variable_actionArgument type="relation" id="32">
      <mxCell style="strokeColor=#333333;strokeWidth=2;dashed=1;endFill=1" parent="adaptation_behavior_hardware" source="31" target="27" edge="1">
        <mxGeometry relative="1" as="geometry"/>
      </mxCell>
    </rel_variable_actionArgument>
    <mxCell id="adaptation_state" parent="0" visible="0"/>
    <initialState label="on" type="initialState" acceptance="true" promptName="true" id="48">
      <mxCell style="shape=initialState" parent="adaptation_state" vertex="1">
        <mxGeometry x="260" y="90" width="100" height="35" as="geometry"/>
      </mxCell>
    </initialState>
    <mxCell id="adaptation_behavior_states" parent="0" visible="0"/>
    <writeAction type="writeAction" label="led_turnOn" required="true" subtype="turnOn" device="powerLed" parameters="[object Object]" originalId="26" id="clon26">
      <mxCell style="shape=writeAction;fillColor=#DCDCDC;" parent="adaptation_behavior_states" vertex="1">
        <mxGeometry x="320" y="20" width="100" height="35" as="geometry"/>
      </mxCell>
    </writeAction>
    <power label="power" type="actionArgument" dataType="float" id="clon27">
      <mxCell style="shape=triangle;perimeter=trianglePerimeter;direction=north;movable=0;resizable=0;" parent="clon26" vertex="1">
        <mxGeometry x="10" y="22" width="10" height="10" as="geometry">
          <mxPoint as="offset"/>
        </mxGeometry>
      </mxCell>
    </power>
    <controlAction type="controlAction" label="control" controlType="continuous" required="true" promptName="true" originalId="39" id="clon_0_39">
      <mxCell style="shape=controlAction;fillColor=#DCDCDC;" parent="adaptation_behavior_states" vertex="1">
        <mxGeometry x="760" y="30" width="100" height="35" as="geometry"/>
      </mxCell>
    </controlAction>
    <sp label="sp" type="actionArgument" dataType="double" id="clon_0_40">
      <mxCell style="shape=triangle;perimeter=trianglePerimeter;direction=north;movable=0;resizable=0;" parent="clon_0_39" vertex="1">
        <mxGeometry x="25" y="22" width="10" height="10" as="geometry">
          <mxPoint as="offset"/>
        </mxGeometry>
      </mxCell>
    </sp>
    <m label="m" type="actionArgument" dataType="double" id="clon_0_41">
      <mxCell style="shape=triangle;perimeter=trianglePerimeter;direction=north;movable=0;resizable=0;" parent="clon_0_39" vertex="1">
        <mxGeometry x="40" y="22" width="10" height="10" as="geometry">
          <mxPoint as="offset"/>
        </mxGeometry>
      </mxCell>
    </m>
    <initialState label="on" type="initialState" acceptance="true" promptName="true" id="clon48">
      <mxCell style="shape=initialState;fillColor=#DCDCDC;" parent="adaptation_behavior_states" vertex="1">
        <mxGeometry x="15" y="15" width="100" height="35" as="geometry"/>
      </mxCell>
    </initialState>
    <stateLifeLine type="stateLifeLine" label="sll" alias="sll" phase="while" id="49">
      <mxCell style="shape=lifeLine" parent="adaptation_behavior_states" vertex="1">
        <mxGeometry x="60" y="90" width="10" height="50" as="geometry"/>
      </mxCell>
    </stateLifeLine>
    <rel_initialState_stateLifeLine type="relation" id="50">
      <mxCell style="strokeColor=#333333;strokeWidth=2;dashed=1;endFill=0;endArrow=none;edgeStyle=elbowEdgeStyle;elbow=horizontal;orthogonal=1;" parent="adaptation_behavior_states" source="clon48" target="49" edge="1">
        <mxGeometry relative="1" as="geometry"/>
      </mxCell>
    </rel_initialState_stateLifeLine>
    <activity type="activity" label="activity_on" required="true" id="58">
      <mxCell style="shape=activity" parent="adaptation_behavior_states" vertex="1">
        <mxGeometry x="180" y="20" width="100" height="35" as="geometry"/>
      </mxCell>
    </activity>
    <activityLifeLine type="activityLifeLine" label="all1" alias="all" id="59">
      <mxCell style="shape=lifeLine" parent="adaptation_behavior_states" vertex="1">
        <mxGeometry x="220" y="90" width="10" height="60" as="geometry"/>
      </mxCell>
    </activityLifeLine>
    <rel_activity_activityLifeLine type="relation" id="60">
      <mxCell style="strokeColor=#333333;strokeWidth=2;dashed=1;endFill=0;endArrow=none;edgeStyle=elbowEdgeStyle;elbow=horizontal;orthogonal=1;" parent="adaptation_behavior_states" source="58" target="59" edge="1">
        <mxGeometry relative="1" as="geometry"/>
      </mxCell>
    </rel_activity_activityLifeLine>
    <rel_stateLifeLine_activityLifeLine type="relation" time="0" execution="Synchronous" id="92">
      <mxCell style="edgeStyle=elbowEdgeStyle;elbow=horizontal;orthogonal=1;strokeColor=#333333;strokeWidth=2;dashed=1;endFill=1" parent="adaptation_behavior_states" source="49" target="59" edge="1">
        <mxGeometry relative="1" as="geometry">
          <Array as="points">
            <mxPoint x="140" y="110"/>
          </Array>
        </mxGeometry>
      </mxCell>
    </rel_stateLifeLine_activityLifeLine>
    <actionLifeLine label="anll" type="actionLifeLine" alias="anll" id="93">
      <mxCell style="shape=lifeLine" parent="adaptation_behavior_states" vertex="1">
        <mxGeometry x="360" y="90" width="10" height="50" as="geometry"/>
      </mxCell>
    </actionLifeLine>
    <rel_writeAction_actionLifeLine type="relation" id="94">
      <mxCell style="edgeStyle=elbowEdgeStyle;elbow=horizontal;orthogonal=1;strokeColor=#333333;strokeWidth=2;dashed=1;endFill=0;endArrow=none;" parent="adaptation_behavior_states" source="clon26" target="93" edge="1">
        <mxGeometry relative="1" as="geometry"/>
      </mxCell>
    </rel_writeAction_actionLifeLine>
    <rel_activityLifeLine_actionLifeLine type="relation" time="0" execution="Synchronous" id="95">
      <mxCell style="edgeStyle=elbowEdgeStyle;elbow=horizontal;orthogonal=1;strokeColor=#333333;strokeWidth=2;dashed=1;endFill=1" parent="adaptation_behavior_states" source="59" target="93" edge="1">
        <mxGeometry relative="1" as="geometry">
          <Array as="points">
            <mxPoint x="300" y="110"/>
          </Array>
        </mxGeometry>
      </mxCell>
    </rel_activityLifeLine_actionLifeLine>
    <mxCell id="adaptation_behavior_transitions" parent="0" visible="0"/>
    <variable type="variable" label="var_power" dataType="double" value="1023" promptName="true" originalId="31" id="clon31">
      <mxCell style="shape=analogVariable;fillColor=#DCDCDC;" parent="adaptation_behavior_transitions" vertex="1">
        <mxGeometry x="150" y="70" width="100" height="35" as="geometry"/>
      </mxCell>
    </variable>
    <mxCell id="control" parent="0" visible="0"/>
    <controller label="controller" type="controller" Proportional="1.1" Integral="0.0004" Derivate="0" controllerType="continuous" id="87">
      <mxCell style="shape=controller" parent="control" vertex="1" visible="0">
        <mxGeometry x="310" y="210" width="100" height="40" as="geometry"/>
      </mxCell>
    </controller>
  </root>
</mxGraphModel>
